role,link,company,stipend
AI Engineering,https://internshala.com/internship/detail/work-from-home-ai-engineering-internship-at-enshrine-global-systems1748867177,"Enshrine Global Systems
Actively hiring","₹ 8,000 /month"
Backend Development,https://internshala.com/internship/detail/work-from-home-backend-development-internship-at-ure-legal-advocates1748839788,"URE Legal Advocates
Actively hiring","₹ 1,000 /month"
Machine Learning,https://internshala.com/internship/detail/work-from-home-part-time-machine-learning-internship-at-optimspace1748831816,"Optimspace
Actively hiring","₹ 7,500 - 15,000 /month"
Business Development (Sales),https://internshala.com/internship/detail/work-from-home-part-time-business-development-sales-internship-at-pawzz-foundation1748831197,"Pawzz Foundation
Actively hiring","₹ 1,500 - 8,000 /month"
AI/ML Engineer,https://internshala.com/internship/detail/work-from-home-part-time-ai-ml-engineer-internship-at-vty-triksha-health-tech-private-limited1748784655,VTY Triksha Health Tech Private Limited,"₹ 2,000 /month"
Volunteering - Web Development For Experienced Developers,https://internshala.com/internship/detail/work-from-home-part-time-volunteering-web-development-for-experienced-developers-internship-at-conscious-humanity-network-foundation1748700641,"Conscious Humanity Network Foundation
Actively hiring",Unpaid
AI Engineering,https://internshala.com/internship/detail/work-from-home-ai-engineering-internship-at-icecreamlabs1748699914,"Icecreamlabs
Actively hiring","₹ 15,000 - 25,000 /month"
Machine Learning,https://internshala.com/internship/detail/work-from-home-part-time-machine-learning-internship-at-rythukart-private-limited1748610996,"Rythukart Private Limited
Actively hiring","₹ 1,000 - 2,000 /month"
Machine Learning,https://internshala.com/internship/detail/work-from-home-part-time-machine-learning-internship-at-sn-mentoring1748595766,"SN Mentoring
Actively hiring","₹ 10,000 - 15,000 /month"
