role,link,company,stipend,description,skills,start_date,duration,location,posted_on,apply_by,perks,openings
Python Development,https://internshala.com/internship/detail/work-from-home-python-development-internship-at-druidot-consulting-private-limited1748787573,Druidot Consulting Private Limited,"₹ 1,000 /month",,,,,,,,,
Machine Learning,https://internshala.com/internship/detail/work-from-home-part-time-machine-learning-internship-at-optimspace1748739847,"Optimspace
Actively hiring","₹ 7,500 - 15,000 /month",,,,,,,,,
Data Analytics,https://internshala.com/internship/detail/work-from-home-part-time-data-analytics-internship-at-optimspace1748739820,"Optimspace
Actively hiring","₹ 7,500 - 15,000 /month",,,,,,,,,
Data Science,https://internshala.com/internship/detail/work-from-home-data-science-internship-at-ure-legal-advocates1748724067,"URE Legal Advocates
Actively hiring","₹ 1,000 /month",,,,,,,,,
Volunteering - Web Development For Experienced Developers,https://internshala.com/internship/detail/work-from-home-part-time-volunteering-web-development-for-experienced-developers-internship-at-conscious-humanity-network-foundation1748700641,"Conscious Humanity Network Foundation
Actively hiring",Unpaid,,,,,,,,,
AI Engineering,https://internshala.com/internship/detail/work-from-home-ai-engineering-internship-at-icecreamlabs1748699914,"Icecreamlabs
Actively hiring","₹ 15,000 - 25,000 /month",,,,,,,,,
Data Science,https://internshala.com/internship/detail/work-from-home-part-time-data-science-internship-at-rythukart-private-limited1748698908,"Rythukart Private Limited
Actively hiring","₹ 1,000 - 2,000 /month",,,,,,,,,
Data Analytics,https://internshala.com/internship/detail/work-from-home-data-analytics-internship-at-ndfm-business-world-pvt-ltd1748691490,"NDFM Business World Pvt. Ltd.
Actively hiring","₹ 1,000 - 1,200 /month",,,,,,,,,
Machine Learning,https://internshala.com/internship/detail/work-from-home-part-time-machine-learning-internship-at-rythukart-private-limited1748610996,"Rythukart Private Limited
Actively hiring","₹ 1,000 - 2,000 /month",,,,,,,,,
Machine Learning,https://internshala.com/internship/detail/work-from-home-part-time-machine-learning-internship-at-sn-mentoring1748595766,"SN Mentoring
Actively hiring","₹ 10,000 - 15,000 /month",,,,,,,,,
Financial Data Analyst,https://internshala.com/internship/detail/work-from-home-financial-data-analyst-internship-at-indika-ai-private-limited1748592697,"Indika AI Private Limited
Actively hiring","₹ 3,000 - 5,000 lump sum",,,,,,,,,
Data Science,https://internshala.com/internship/detail/work-from-home-data-science-internship-at-intellisoft1748526867,"Intellisoft
Actively hiring","₹ 1,000 /month",,,,,,,,,
iPhone Pro Data Collection,https://internshala.com/internship/detail/work-from-home-iphone-pro-data-collection-internship-at-indiaum-solutions1748518963,"Indiaum Solutions
Actively hiring","₹ 4,000 - 15,000 /month",,,,,,,,,
Data Analytics,https://internshala.com/internship/detail/work-from-home-data-analytics-internship-at-pv-doctor1748510865,"PV Doctor Pte. Ltd.
Actively hiring","₹ 20,000 /month",,,,,,,,,
Full Stack Development,https://internshala.com/internship/detail/work-from-home-full-stack-development-internship-at-parchai1748495122,"ParchAi
Actively hiring","₹ 8,000 - 10,000 /month",,,,,,,,,
Data Entry & Reporting,https://internshala.com/internship/detail/work-from-home-part-time-data-entry-reporting-internship-at-toposel1748492316,"Toposel
Actively hiring","₹ 3,000 - 5,000 /month",,,,,,,,,
